{
    "Enemy_Status": [
        {
            "ENEMY_STATUS_KIND": "怪物基础属性KIND",
            "MOVEPOWER": "行动力",
            "HP": "体力",
            "PSTR": "物理攻击力",
            "PDEF": "物理防御力",
            "HIT": "物理命中率",
            "AGI": "物理闪避率",
            "CLI": "暴击率",
            "MSTR": "魔法攻撃力",
            "MDEF": "魔法防御力",
            "FPOW": "火属性攻撃力",
            "WPOW": "水属性攻撃力",
            "APOW": "風属性攻撃力",
            "EPOW": "土属性攻撃力",
            "LPOW": "光属性攻撃力 ",
            "DPOW": "闇属性攻撃力"
        },
        {
            "ENEMY_STATUS_KIND": "HUMAN_BASIC",
            "MOVEPOWER": 3,
            "HP": 359,
            "PSTR": 201,
            "PDEF": 9,
            "HIT": 831,
            "AGI": 0,
            "CLI": 0,
            "MSTR": 213,
            "MDEF": 11,
            "FPOW": 50,
            "WPOW": 50,
            "APOW": 50,
            "EPOW": 50,
            "LPOW": 50,
            "DPOW": 50
        }
    ]
}