{
    "Enemy_Gacha": [
        {
            "ENEMY_GACHA_ID": "怪物库ID",
            "ENEMY_ID": "怪物ID",
            "RATE": "概率",
            "NAME": "名称"
        },
        {
            "ENEMY_GACHA_ID": "100_001_10000",
            "ENEMY_ID": "100_001_00001",
            "RATE": 2500,
            "NAME": "第一关"
        },
        {
            "ENEMY_GACHA_ID": "100_001_10000",
            "ENEMY_ID": "100_001_00002\r\n100_001_00002\r\n100_001_00002",
            "RATE": 1500
        },
        {
            "ENEMY_GACHA_ID": "100_001_10000",
            "ENEMY_ID": "100_001_00003",
            "RATE": 2000
        },
        {
            "ENEMY_GACHA_ID": "100_001_10000",
            "ENEMY_ID": "100_001_00004",
            "RATE": 2000
        },
        {
            "ENEMY_GACHA_ID": "100_001_10000",
            "ENEMY_ID": "100_001_00005",
            "RATE": 2000
        },
        {
            "ENEMY_GACHA_ID": "100_001_10001",
            "ENEMY_ID": "100_001_00006",
            "RATE": 9000,
            "NAME": "第二关"
        },
        {
            "ENEMY_GACHA_ID": "100_001_10001",
            "ENEMY_ID": "100_001_00007\r\n100_001_00002",
            "RATE": 250
        },
        {
            "ENEMY_GACHA_ID": "100_001_10001",
            "ENEMY_ID": "100_001_00008",
            "RATE": 250
        },
        {
            "ENEMY_GACHA_ID": "100_001_10001",
            "ENEMY_ID": "100_001_00009",
            "RATE": 250
        },
        {
            "ENEMY_GACHA_ID": "100_001_10001",
            "ENEMY_ID": "100_001_00009",
            "RATE": 250
        },
        {
            "ENEMY_GACHA_ID": "100_001_10002",
            "ENEMY_ID": "100_001_00010",
            "RATE": 10000,
            "NAME": "BOSS"
        }
    ]
}